{"DefaultTint":{"r":0.6000000238418579,"g":0.6000000238418579,"b":0.699999988079071,"a":0.699999988079071},"FoldersData":{"Keys":["3ddb81c9243a66c49a696e0092d652fd","25b7c4cda4142e64b86a62373abeb99f","a821cbbc3c47f0a478f4847ba4882f51"],"Values":[{"_guid":"3ddb81c9243a66c49a696e0092d652fd","_color":{"r":0.46917566657066347,"g":0.2392156571149826,"b":0.800000011920929,"a":0.699999988079071},"_recursive":true},{"_guid":"25b7c4cda4142e64b86a62373abeb99f","_color":{"r":0.800000011920929,"g":0.5385748744010925,"b":0.2392156571149826,"a":0.699999988079071},"_recursive":true},{"_guid":"a821cbbc3c47f0a478f4847ba4882f51","_color":{"r":0.41052940487861636,"g":0.800000011920929,"b":0.24000000953674317,"a":0.699999988079071},"_recursive":true}]}}